"FirstName","LastName","Company","street","city","country","state","zip","MobilePhone","Phone","email","Website"
"Kiley","Caldarera","Feiner Bros","25 E 75th St #69","Los Angeles","Los Angeles","CA",90034,"310-498-5651","310-254-3084","kiley.caldarera@aol.com","http://www.feinerbros.com"
"Graciela","Ruta","Buckley Miller & Wright","98 Connecticut Ave Nw","Chagrin Falls","Geauga","OH",44023,"440-780-8425","440-579-7763","gruta@cox.net","http://www.buckleymillerwright.com"
"Cammy","Albares","Rousseaux, Michael Esq","56 E Morehead St","Laredo","Webb","TX",78045,"956-537-6195","956-841-7216","calbares@gmail.com","http://www.rousseauxmichaelesq.com"
"Mattie","Poquette","Century Communications","73 State Road 434 E","Phoenix","Maricopa","AZ",85013,"602-277-4385","602-953-6360","mattie@aol.com","http://www.centurycommunications.com"
"Meaghan","Garufi","Bolton, Wilbur Esq","69734 E Carrillo St","Mc Minnville","Warren","TN",37110,"931-313-9635","931-235-7959","meaghan@hotmail.com","http://www.boltonwilburesq.com"
"Kiley","Caldarera","Feiner Bros","25 E 75th St #69","Los Angeles","Los Angeles","CA",90034,"310-498-5651","310-254-3084","kiley.caldarera@aol.com","http://www.feinerbros.com"
"Gladys","Rim","T M Byxbee Company Pc","322 New Horizon Blvd","Milwaukee","Milwaukee","WI",53207,"414-661-9598","414-377-2880","gladys.rim@rim.org","http://www.tmbyxbeecompanypc.com"
"Yuki","Whobrey","Farmers Insurance Group","1 State Route 27","Taylor","Wayne","MI",48180,"313-288-7937","313-341-4470","yuki_whobrey@aol.com","http://www.farmersinsurancegroup.com"
"Fletcher","Flosi","Post Box Services Plus","394 Manchester Blvd","Rockford","Winnebago","IL",61109,"815-828-2147","815-426-5657","fletcher.flosi@yahoo.com","http://www.postboxservicesplus.com"
"Bette","Nicka","Sport En Art","6 S 33rd St","Aston","Delaware","PA",19014,"610-545-3615","610-492-4643","bette_nicka@cox.net","http://www.sportenart.com"
"Veronika","Inouye","C 4 Network Inc","6 Greenleaf Ave","San Jose","Santa Clara","CA",95111,"408-540-1785","408-813-4592","vinouye@aol.com","http://www.cnetworkinc.com"
"Willard","Kolmetz","Ingalls, Donald R Esq","618 W Yakima Ave","Irving","Dallas","TX",75062,"972-303-9197","972-896-4882","willard@hotmail.com","http://www.ingallsdonaldresq.com"
"Maryann","Royster","Franklin, Peter L Esq","74 S Westgate St","Albany","Albany","NY",12204,"518-966-7987","518-448-8982","mroyster@royster.com","http://www.franklinpeterlesq.com"
"Alisha","Slusarski","Wtlz Power 107 Fm","3273 State St","Middlesex","Middlesex","NJ","08846","732-658-3154","732-635-3453","alisha@slusarski.com","http://www.wtlzpowerfm.com"
"Marian","Royster","Franklin, Peter L Esq","74 S Westgate St","Albany","Albany","NY",12345,"518-966-7987","518-448-8982","marian@royster.com","http://www.franklinpeterlesq.com"
"Allene","Iturbide","Ledecky, David Esq","1 Central Ave","Stevens Point","Portage","WI",54481,"715-662-6764","715-530-9863","allene_iturbide@cox.net","http://www.ledeckydavidesq.com"
"Chanel","Caudy","Professional Image Inc","86 Nw 66th St #8673","Shawnee","Johnson","KS",66218,"913-388-2079","913-899-1103","chanel.caudy@caudy.org","http://www.professionalimageinc.com"
"Jude","Kolmetz","Ingalls, Donald R Esq","618 W Yakima Ave","Irving","Dallas","TX",75062,"972-303-9197","972-896-4882","willard@hotmail.com","http://www.ingallsdonaldresq.com"
"Ezekiel","Chui","Sider, Donald C Esq","2 Cedar Ave #84","Easton","Talbot","MD",21601,"410-669-1642","410-235-8738","ezekiel@chui.com","http://www.siderdonaldcesq.com"
"Willow","Kusko","U Pull It","90991 Thorburn Ave","New York","New York","NY",10011,"212-582-4976","212-934-5167","wkusko@yahoo.com","http://www.upullit.com"
"Bernardo","Figeroa","Clark, Richard Cpa","386 9th Ave N","Conroe","Montgomery","TX",77301,"936-336-3951","936-597-3614","bfigeroa@aol.com","http://www.clarkrichardcpa.com"
"Ammie","Corrio","Moskowitz, Barry S","74874 Atlantic Ave","Columbus","Franklin","OH",43215,"614-801-9788","614-648-3265","ammie@corrio.com","http://www.moskowitzbarrys.com"
"Fletcherr","Flosi","Post Box Services Plus","394 Manchester Blvd","Rockfordd","Winnebagoo","IL",61109,"815-828-2147","815-426-5657","fletcher.flosi@yahoo.com","http://www.postboxservicesplus.com"
"Ernie","Stenseth","Knwz Newsradio","45 E Liberty St","Ridgefield Park","Bergen","NJ","07660","201-709-6245","201-387-9093","ernie_stenseth@aol.com","http://www.knwznewsradio.com"
"Albina","Glick","Giampetro, Anthony D","4 Ralph Ct","Dunellen","Middlesex","NJ","08812","732-924-7882","732-782-6701","albina@glick.com","http://www.giampetroanthonyd.com"
"Gladijs","Rim","T M Bixbee Companie Pc","322 New Horizon Blvd","Milwaukee","Milwaukee","WI",53207,"414-661-9598","414-377-2880","gladys.rim@rim.org","http://www.tmbyxbeecompanypc.com"
"Solange","Shinko","Mosocco, Ronald A","426 Wolf St","Metairie","Jefferson","LA",70002,"504-979-9175","504-265-8174","solange@shinko.com","http://www.mosoccoronalda.com"