Name,Title,Company,MobilePhone,Phone,email,Status,,,
Kiley Caldarera,,Feiner Bros,310-498-5651,310-254-3084,kiley.caldarera@aol.com,Open - Not Contacted,,,
Graciela Ruta,,Buckley Miller & Wright,440-780-8425,440-579-7763,gruta@cox.net,Open - Not Contacted,,,
Cammy Albares,,"Rousseaux, Michael Esq",956-537-6195,956-841-7216,calbares@gmail.com,Open - Not Contacted,,,
Mattie Poquette,,Century Communications,602-277-4385,602-953-6360,mattie@aol.com,Open - Not Contacted,,,
Meaghan Garufi,,"Bolton, Wilbur Esq",931-313-9635,931-235-7959,meaghan@hotmail.com,Open - Not Contacted,,,
Kiley Caldarera,,Feiner Bros,310-498-5651,310-254-3084,kiley.caldarera@aol.com,Open - Not Contacted,,,
Gladys Rim,,T M Byxbee Company Pc,414-661-9598,414-377-2880,gladys.rim@rim.org,Open - Not Contacted,,,
Yuki Whobrey,,Farmers Insurance Group,313-288-7937,313-341-4470,yuki_whobrey@aol.com,Open - Not Contacted,,,
Fletcher Flosi,,Post Box Services Plus,815-828-2147,815-426-5657,fletcher.flosi@yahoo.com,Open - Not Contacted,,,
Bette Nicka,,Sport En Art,610-545-3615,610-492-4643,bette_nicka@cox.net,Open - Not Contacted,,,
Veronika Inouye,,C 4 Network Inc,408-540-1785,408-813-4592,vinouye@aol.com,Open - Not Contacted,,,
Willard Kolmetz,,"Ingalls, Donald R Esq",972-303-9197,972-896-4882,willard@hotmail.com,Open - Not Contacted,,,
Maryann Royster,,"Franklin, Peter L Esq",518-966-7987,518-448-8982,mroyster@royster.com,Open - Not Contacted,,,
Alisha Slusarski,,Wtlz Power 107 Fm,732-658-3154,732-635-3453,alisha@slusarski.com,Open - Not Contacted,,,
Marian Royster,,"Franklin, Peter L Esq",518-966-7987,518-448-8982,marian@royster.com,Open - Not Contacted,,,
Allene Iturbide,,"Ledecky, David Esq",715-662-6764,715-530-9863,allene_iturbide@cox.net,Open - Not Contacted,,,
Chanel Caudy,,Professional Image Inc,913-388-2079,913-899-1103,chanel.caudy@caudy.org,Open - Not Contacted,,,
Jude Kolmetz,,"Ingalls, Donald R Esq",972-303-9197,972-896-4882,willard@hotmail.com,Open - Not Contacted,,,
Ezekiel Chui,,"Sider, Donald C Esq",410-669-1642,410-235-8738,ezekiel@chui.com,Open - Not Contacted,,,
Willow Kusko,,U Pull It,212-582-4976,212-934-5167,wkusko@yahoo.com,Open - Not Contacted,,,
Bernardo Figeroa,,"Clark, Richard Cpa",936-336-3951,936-597-3614,bfigeroa@aol.com,Open - Not Contacted,,,
Ammie Corrio,,"Moskowitz, Barry S",614-801-9788,614-648-3265,ammie@corrio.com,Open - Not Contacted,,,
Fletcherr Flosi,,Post Box Services Plus,815-828-2147,815-426-5657,fletcher.flosi@yahoo.com,Open - Not Contacted,,,
Ernie Stenseth,,Knwz Newsradio,201-709-6245,201-387-9093,ernie_stenseth@aol.com,Open - Not Contacted,,,
Albina Glick,,"Giampetro, Anthony D",732-924-7882,732-782-6701,albina@glick.com,Open - Not Contacted,,,
Gladijs Rim,,T M Bixbee Companie Pc,414-661-9598,414-377-2880,gladys.rim@rim.org,Open - Not Contacted,,,
Solange Shinko,,"Mosocco, Ronald A",504-979-9175,504-265-8174,solange@shinko.com,Open - Not Contacted,,,
